X,Y,field_1,field_2
-56.359113388562108,59.104028566825491,-675000,-3360000
5.415525085154908,79.309552352373373,895000,-740000
