X,Y,id,
-40.855039149875289,72.484577273174565,,
-36.292381209192641,61.762284339465104,,
